Potencia(mW),Sucesso(%)_NS3,Sucesso(%)_OMNeT,Diferenca,Diferenca_Percentual
2.0,25.8625,26.25,-0.3874999999999993,-1.4761904761904734
5.0,45.2575,51.25,-5.9925,-11.692682926829267
10.0,68.1025,76.25,-8.147499999999994,-10.685245901639336
